DATE,DISTRICT,DESCRIPTION
12/12/2018,Clare Valley,10851(A)VC TAKE VEH W/O OWNER
27/10/2018,Fleurieu Peninsula,459 PC  BURGLARY RESIDENCE
05/01/2018,Barossa,10851(A)VC TAKE VEH W/O OWNER
24/12/2018,Kangaroo Island,476 PC PASS FICTICIOUS CHECK
09/01/2018,Barossa,459 PC  BURGLARY-UNSPECIFIED
06/04/2018,Kangaroo Island,530.5 PC USE PERSONAL ID INFO
11/05/2018,Eyre Peninsula,459 PC  BURGLARY VEHICLE
02/02/2018,Clare Valley,484 PC   PETTY THEFT/INSIDE
24/05/2018,Barossa,459 PC  BURGLARY BUSINESS
27/06/2018,Adelaide,1708 US   THEFT OF MAIL
16/07/2018,Kangaroo Island,ASSAULT WITH WEAPON - I RPT
28/03/2018,Kangaroo Island,530.5 PC USE PERSONAL ID INFO
19/04/2018,Eyre Peninsula,SUSP PERS-NO CRIME - I RPT
01/09/2018,Clare Valley,530.5 PC USE PERSONAL ID INFO
11/04/2018,Kangaroo Island,484G(B) PC ACCESS CARD FRAUD
06/12/2018,Kangaroo Island,487(A) PC GRAND THEFT
06/03/2018,Kangaroo Island,TELEPEST -I RPT
11/08/2018,Clare Valley,487(A) GRAND THEFT-INSIDE
22/05/2018,Kangaroo Island,530.5 PC USE PERSONAL ID INFO
31/10/2018,Eyre Peninsula,484J PC PUBLISH CARD INFO
22/10/2018,Fleurieu Peninsula,459 PC  BURGLARY VEHICLE
14/09/2018,Barossa,484G(B) PC ACCESS CARD FRAUD
18/08/2018,Eyre Peninsula,484 PC PETTY THEFT
20/03/2018,Barossa,459 PC  BURGLARY VEHICLE
05/09/2018,Fleurieu Peninsula,TRAFFIC - I RPT
09/11/2018,Kangaroo Island,594(B)(1)PC  VANDALISM +$400
13/07/2018,Fleurieu Peninsula,484G(B) PC ACCESS CARD FRAUD
05/01/2018,Eyre Peninsula,484 PC  PETTY THEFT/ OUTSIDE
16/01/2018,Fleurieu Peninsula,HARASSMENT - I RPT
14/10/2018,Barossa,484 PC PETTY THEFT
29/11/2018,Eyre Peninsula,LOST PROPERTY - I RPT
11/06/2018,Barossa,459 PC  BURGLARY RESIDENCE
08/02/2018,Clare Valley,484G(A)PC USE FORGED CARD
16/06/2018,Kangaroo Island,503 PC   EMBEZZLEMENT
14/03/2018,Eyre Peninsula,TELEPEST -I RPT
27/11/2018,Adelaide,487(A) GRAND THEFT-INSIDE
06/08/2018,Adelaide,653M(A) PC OBSCENE/THREAT CALL
09/07/2018,Clare Valley,484 PETTY THEFT/LICENSE PLATE
01/03/2018,Clare Valley,FOUND PROPERTY - I RPT
09/03/2018,Adelaide,530.5 PC USE PERSONAL ID INFO
28/06/2018,Adelaide,530.5 PC USE PERSONAL ID INFO
09/06/2018,Adelaide,484J PC PUBLISH CARD INFO
05/02/2018,Clare Valley,THREATS - I RPT
26/10/2018,Clare Valley,530 PC FALSE PERS. REC PROP
17/06/2018,Kangaroo Island,246 PC SHOOT OCCUP DWELL/VEH
07/10/2018,Barossa,10851(A)VC TAKE VEH W/O OWNER
20/01/2018,Kangaroo Island,SHOOT INTO OCCUP DWELL - I RPT
15/04/2018,Clare Valley,FOUND PROPERTY - I RPT
28/10/2018,Eyre Peninsula,243(E)1 BATTERY NONCOHAB SPOUS
31/05/2018,Kangaroo Island,MISCELLANEOUS I RPT (ZMISC)
13/01/2018,Eyre Peninsula,TOWED/STORED VEH-14602.6
19/10/2018,Eyre Peninsula,10851(A)VC TAKE VEH W/O OWNER
16/12/2018,Fleurieu Peninsula,10851(A)VC TAKE VEH W/O OWNER
27/04/2018,Eyre Peninsula,10851(A)VC TAKE VEH W/O OWNER
13/01/2018,Clare Valley,211 PC ROBBERY- BUSINESS
09/01/2018,Adelaide,CASUALTY REPORT
20/08/2018,Kangaroo Island,459 PC  BURGLARY BUSINESS
10/07/2018,Fleurieu Peninsula,246 PC SHOOT OCCUP DWELL/VEH
16/02/2018,Clare Valley,23152(A) VC DUI-ALCOHOL/DRUGS
12/08/2018,Clare Valley,TRAFFIC-ACCIDENT INJURY
17/02/2018,Clare Valley,DUI I RPT
01/05/2018,Clare Valley,484 PETTY THEFT/LICENSE PLATE
25/08/2018,Kangaroo Island,23152(A) VC DUI-ALCOHOL/DRUGS
29/06/2018,Adelaide,459 PC  BURGLARY VEHICLE
18/06/2018,Adelaide,10851(A)VC TAKE VEH W/O OWNER
27/07/2018,Clare Valley,459 PC  BURGLARY VEHICLE
19/06/2018,Fleurieu Peninsula,459 PC  BURGLARY RESIDENCE
25/03/2018,Fleurieu Peninsula,243(D) PC BATT/CIVILIAN W/INJ
22/10/2018,Fleurieu Peninsula,10851(A)VC TAKE VEH W/O OWNER
27/03/2018,Barossa,246.3 PC NEGL DISCH FIREARM
23/01/2018,Fleurieu Peninsula,487(A) PC GRAND THEFT
21/10/2018,Barossa,CASUALTY REPORT
24/04/2018,Adelaide,246 PC SHOOT OCCUP DWELL/VEH
30/01/2018,Clare Valley,LOST PROPERTY - I RPT
26/10/2018,Kangaroo Island,CASUALTY REPORT
31/12/2018,Barossa,11351.5 HS POSS SALE RCK COCAI
15/10/2018,Clare Valley,211 PC  ROBBERY UNSPECIFIED
08/01/2018,Adelaide,594(B)(2)(A) VANDALISM/ -$400
30/12/2018,Barossa,243(E)1 BATTERY NONCOHAB SPOUS
01/03/2018,Fleurieu Peninsula,10851(A)VC TAKE VEH W/O OWNER
18/09/2018,Adelaide,594(B)(2)(A) VANDALISM/ -$400
15/11/2018,Fleurieu Peninsula,459 PC  BURGLARY RESIDENCE
01/11/2018,Kangaroo Island,TRAFFIC-ACCIDENT-NON INJURY
07/03/2018,Clare Valley,475(C) PASS FORGED NOTE
28/06/2018,Barossa,245(A)(2) AWDW/FIREARM/CIVILIA
23/02/2018,Adelaide,11377(A)HS POSS AMPHETAMINES
28/02/2018,Adelaide,487(A) GRAND THEFT-INSIDE
04/10/2018,Fleurieu Peninsula,459 PC  BURGLARY VEHICLE
06/04/2018,Kangaroo Island,459 PC  BURGLARY VEHICLE
05/07/2018,Eyre Peninsula,TRAFFIC-ACCIDENT-NON INJURY
31/08/2018,Clare Valley,484 PC   PETTY THEFT/INSIDE
22/01/2018,Fleurieu Peninsula,TOWED/STORED VEH-14602.6
24/03/2018,Kangaroo Island,10851(A)VC TAKE VEH W/O OWNER
13/06/2018,Fleurieu Peninsula,20002(A) HIT/RUN
26/08/2018,Clare Valley,5150 WI DANGER SELF/OTHERS
23/04/2018,Fleurieu Peninsula,TOWED/STORED VEHICLE
19/08/2018,Eyre Peninsula,487(A) PC GRAND THEFT
31/12/2018,Clare Valley,IMPOUNDED VEHICLE
03/05/2018,Barossa,10851(A)VC TAKE VEH W/O OWNER
15/09/2018,Clare Valley,20002(A) HIT/RUN
29/08/2018,Barossa,459 PC  BURGLARY RESIDENCE
05/02/2018,Adelaide,PERSON INFORMATION - I RPT
12/10/2018,Kangaroo Island,653M(B) PC ANNOY/RPT CALL HOME
24/03/2018,Barossa,459 PC  BURGLARY VEHICLE
23/05/2018,Barossa,20002(A) HIT/RUN
13/05/2018,Eyre Peninsula,211 PC ROBBERY- BUSINESS
31/03/2018,Barossa,CASUALTY REPORT
27/11/2018,Barossa,594(B)(2)(A) VANDALISM/ -$400
02/12/2018,Adelaide,LOST PROPERTY - I RPT
16/02/2018,Barossa,LOST PROPERTY - I RPT
01/02/2018,Fleurieu Peninsula,LOST PROPERTY - I RPT
30/12/2018,Kangaroo Island,484J PC PUBLISH CARD INFO
09/02/2018,Barossa,LOST PROPERTY - I RPT
06/02/2018,Adelaide,530 PC FALSE PERS. REC PROP
02/03/2018,Barossa,459 PC  BURGLARY BUSINESS
29/09/2018,Clare Valley,1708 US   THEFT OF MAIL
27/02/2018,Eyre Peninsula,LOST PROPERTY - I RPT
02/04/2018,Eyre Peninsula,530.5 PC USE PERSONAL ID INFO
07/10/2018,Barossa,484 PETTY THEFT CLOUT UNLOCKED
02/01/2018,Adelaide,484G(B) PC ACCESS CARD FRAUD
16/06/2018,Adelaide,530 PC FALSE PERS. REC PROP
13/09/2018,Eyre Peninsula,TELEPEST -I RPT
10/12/2018,Barossa,SUSP PERS-NO CRIME - I RPT
10/07/2018,Adelaide,530 PC FALSE PERS. REC PROP
24/10/2018,Adelaide,10851 VC AUTO THEFT LOCATE
04/01/2018,Barossa,TOWED/STORED VEHICLE
22/04/2018,Eyre Peninsula,653M(B) PC ANNOY/RPT CALL HOME
31/07/2018,Adelaide,242 PC  BATTERY CIVILIAN
15/08/2018,Clare Valley,11377(A)HS POSS AMPHETAMINES
15/01/2018,Adelaide,TOWED/STORED VEHICLE
07/06/2018,Clare Valley,TOWED/STORED VEHICLE
12/06/2018,Adelaide,506 PC EMBEZZLEMENT/CONTRACTOR
10/08/2018,Kangaroo Island,MISSING PERSON I RPT
25/04/2018,Eyre Peninsula,BURGLARY - I RPT
26/04/2018,Barossa,TOWED/STORED VEHICLE
19/11/2018,Fleurieu Peninsula,THREATS - I RPT
03/04/2018,Clare Valley,MISSING PERSON
28/10/2018,Fleurieu Peninsula,459 PC  BURGLARY RESIDENCE
04/07/2018,Clare Valley,594(B)(2)(A) VANDALISM/ -$400
23/06/2018,Kangaroo Island,459 PC  BURGLARY RESIDENCE
13/05/2018,Kangaroo Island,11364 HS POSS DRUG PARAPH
30/05/2018,Eyre Peninsula,TOWED/STORED VEHICLE
03/08/2018,Barossa,CASUALTY REPORT
27/04/2018,Clare Valley,484 PETTY THEFT-SHOPLIFT
10/05/2018,Fleurieu Peninsula,MISSING PERSON
10/05/2018,Clare Valley,11364 HS POSS DRUG PARAPH
26/04/2018,Fleurieu Peninsula,MISSING PERSON
18/06/2018,Clare Valley,HARASSMENT - I RPT
12/02/2018,Barossa,O/S AGENCY -ASSISTANCE- I RPT
22/12/2018,Barossa,MISSING PERSON
25/10/2018,Fleurieu Peninsula,10851(A)VC TAKE VEH W/O OWNER
16/03/2018,Clare Valley,487(D)GRAND THEFT FIREARM/ANIM
03/10/2018,Barossa,484G(B) PC ACCESS CARD FRAUD
19/01/2018,Barossa,LOST PROPERTY - I RPT
29/03/2018,Barossa,530.5 PC USE PERSONAL ID INFO
24/03/2018,Fleurieu Peninsula,653M(A) PC OBSCENE/THREAT CALL
19/01/2018,Barossa,459 PC  BURGLARY BUSINESS
03/07/2018,Barossa,647(A) PC LEWD CONDUCT
23/06/2018,Barossa,TOWED/STORED VEHICLE
07/09/2018,Eyre Peninsula,GANG ACTIVITY - I RPT
17/02/2018,Barossa,11364 HS POSS DRUG PARAPH
24/12/2018,Barossa,459 PC  BURGLARY-UNSPECIFIED
05/02/2018,Clare Valley,530.5 PC USE PERSONAL ID INFO
07/08/2018,Fleurieu Peninsula,HARASSMENT - I RPT
25/05/2018,Adelaide,422 PC THREAT/INTENT TO TERROR
15/05/2018,Clare Valley,CASUALTY REPORT
03/03/2018,Fleurieu Peninsula,10851(A)VC TAKE VEH W/O OWNER
12/07/2018,Adelaide,484J PC PUBLISH CARD INFO
19/07/2018,Kangaroo Island,20001(A) VC HIT/RUN INJ/DEATH
30/04/2018,Eyre Peninsula,10851(A)VC TAKE VEH W/O OWNER
01/03/2018,Clare Valley,484 PETTY THEFT-SHOPLIFT
26/01/2018,Eyre Peninsula,LOST PROPERTY - I RPT
05/10/2018,Eyre Peninsula,FOUND PROPERTY - I RPT
23/07/2018,Barossa,TOWED/STORED VEHICLE
29/09/2018,Adelaide,484 PC   PETTY THEFT/INSIDE
09/08/2018,Barossa,MISSING PERSON
13/06/2018,Adelaide,459 PC  BURGLARY RESIDENCE
14/02/2018,Fleurieu Peninsula,487(A) PC GRAND THEFT
12/06/2018,Clare Valley,484 PC   PETTY THEFT/INSIDE
15/12/2018,Clare Valley,NON INJ HR/MAIL OUT REPORT
12/10/2018,Barossa,TOWED/STORED VEHICLE
04/04/2018,Clare Valley,TRAFFIC-ACCIDENT-NON INJURY
17/02/2018,Adelaide,10851(A)VC TAKE VEH W/O OWNER
30/05/2018,Fleurieu Peninsula,11364 HS POSS DRUG PARAPH
04/05/2018,Clare Valley,TRAFFIC-ACCIDENT-NON INJURY
28/10/2018,Fleurieu Peninsula,10851(A)VC TAKE VEH W/O OWNER
20/12/2018,Kangaroo Island,484 PETTY THEFT/LICENSE PLATE
23/08/2018,Barossa,459 PC  BURGLARY RESIDENCE
16/06/2018,Adelaide,LOST PROPERTY - I RPT
28/12/2018,Clare Valley,197 JUSTIFIABLE HOMI-CIVILIAN
23/01/2018,Clare Valley,TRAFFIC-ACCIDENT-NON INJURY
16/05/2018,Kangaroo Island,20001(A) VC HIT/RUN INJ/DEATH
04/10/2018,Kangaroo Island,23153(A) VC DUI CAUSE INJURY
01/06/2018,Barossa,245(A)(1)AWDW/NO FIREARM/CIVIL
27/04/2018,Barossa,MISSING PERSON
12/05/2018,Kangaroo Island,594(B)(1)PC  VANDALISM +$400
13/02/2018,Eyre Peninsula,594(B)(2)(A) VANDALISM/ -$400
31/01/2018,Barossa,TRAFFIC-ACCIDENT-NON INJURY
30/11/2018,Kangaroo Island,TOWED/STORED VEHICLE
12/09/2018,Adelaide,484 PETTY THEFT-SHOPLIFT
05/03/2018,Fleurieu Peninsula,211 PC  ROBBERY UNSPECIFIED
07/08/2018,Clare Valley,1551(A) FUGITIVE FROM JUSTICE
21/05/2018,Barossa,MISSING PERSON
19/10/2018,Barossa,MISSING PERSON
05/05/2018,Fleurieu Peninsula,10851(A)VC TAKE VEH W/O OWNER
12/04/2018,Barossa,459 PC  BURGLARY VEHICLE
14/05/2018,Eyre Peninsula,484 PC   PETTY THEFT/INSIDE
01/09/2018,Clare Valley,MISCELLANEOUS I RPT (ZMISC)
20/06/2018,Kangaroo Island,459 PC  BURGLARY VEHICLE
01/04/2018,Clare Valley,484 PC   PETTY THEFT/INSIDE
05/03/2018,Barossa,10851(A)VC TAKE VEH W/O OWNER
04/10/2018,Adelaide,459 PC  BURGLARY VEHICLE
07/10/2018,Barossa,459 PC  BURGLARY VEHICLE
03/09/2018,Clare Valley,TELEPEST -I RPT
12/08/2018,Kangaroo Island,459 PC  BURGLARY RESIDENCE
07/09/2018,Adelaide,THREATS - I RPT
16/03/2018,Barossa,TOWED/STORED VEHICLE
15/09/2018,Adelaide,THREATS - I RPT
12/09/2018,Adelaide,10851(A)VC TAKE VEH W/O OWNER
19/08/2018,Barossa,487(A) GRAND THEFT-INSIDE
06/01/2018,Clare Valley,20001(A) VC HIT/RUN INJ/DEATH
27/04/2018,Adelaide,20002(A) HIT/RUN
16/01/2018,Kangaroo Island,12020(A)(4) PC DIRK/DAGGER
03/08/2018,Fleurieu Peninsula,20001(A) VC HIT/RUN INJ/DEATH
09/11/2018,Barossa,10851(A)VC TAKE VEH W/O OWNER
27/08/2018,Adelaide,10851(A)VC TAKE VEH W/O OWNER
06/05/2018,Barossa,11364 HS POSS DRUG PARAPH
10/06/2018,Kangaroo Island,20002(A) HIT/RUN
27/07/2018,Kangaroo Island,20002(A) HIT/RUN
01/12/2018,Clare Valley,459 PC  BURGLARY VEHICLE
11/09/2018,Adelaide,459 PC  BURGLARY VEHICLE
21/04/2018,Kangaroo Island,594(B)(2)(A) VANDALISM/ -$400
11/12/2018,Barossa,245(A)(1)AWDW/NO FIREARM/CIVIL
23/03/2018,Kangaroo Island,VANDALISM - I RPT
16/10/2018,Kangaroo Island,10851(A)VC TAKE VEH W/O OWNER
07/06/2018,Fleurieu Peninsula,11364 HS POSS DRUG PARAPH
15/07/2018,Barossa,10851(A)VC TAKE VEH W/O OWNER
04/03/2018,Clare Valley,243(D) PC BATT/CIVILIAN W/INJ
04/04/2018,Clare Valley,245(A)(1)AWDW/NO FIREARM/CIVIL
01/12/2018,Adelaide,THREATS - I RPT
07/04/2018,Barossa,242 PC  BATTERY CIVILIAN
15/01/2018,Clare Valley,487(A) PC GRAND THEFT
09/08/2018,Barossa,10851 VC AUTO THEFT LOCATE
11/11/2018,Adelaide,20001(A) VC HIT/RUN INJ/DEATH
09/06/2018,Barossa,10851 VC AUTO THEFT LOCATE
11/03/2018,Fleurieu Peninsula,10851(A)VC TAKE VEH W/O OWNER
27/01/2018,Fleurieu Peninsula,TOWED/STORED VEH-14602.6
21/06/2018,Kangaroo Island,ROBBERY - I RPT
26/03/2018,Clare Valley,459 PC  BURGLARY VEHICLE
03/10/2018,Clare Valley,459 PC  BURGLARY VEHICLE
23/11/2018,Kangaroo Island,POSS STOLEN VEHICLE- I RPT
03/12/2018,Fleurieu Peninsula,487(A) GRAND THEFT-AUTO PARTS
10/11/2018,Adelaide,459 PC  BURGLARY RESIDENCE
15/04/2018,Eyre Peninsula,594(B)(1)PC  VANDALISM +$400
08/03/2018,Clare Valley,594(B)(2)(A) VANDALISM/ -$400
25/08/2018,Kangaroo Island,484 PC  PETTY THEFT AUTO PART
19/11/2018,Clare Valley,594(B)(2)(A) VANDALISM/ -$400
01/12/2018,Adelaide,459 PC  BURGLARY VEHICLE
20/02/2018,Kangaroo Island,484 PC  PETTY THEFT/ OUTSIDE
01/06/2018,Kangaroo Island,529 PC FALSE PERSONATION
12/06/2018,Barossa,11364 HS POSS DRUG PARAPH
08/09/2018,Fleurieu Peninsula,459 PC  BURGLARY RESIDENCE
07/02/2018,Fleurieu Peninsula,VANDALISM - I RPT
24/07/2018,Barossa,459 PC  BURGLARY RESIDENCE
06/06/2018,Eyre Peninsula,487(A) GRAND THEFT-AUTO PARTS
15/07/2018,Adelaide,496(A) RECEIVE STOLEN PROPERTY
14/03/2018,Fleurieu Peninsula,11357(B)HS POSS -28.5GR MARIJ
10/05/2018,Fleurieu Peninsula,TRAFFIC-ACCIDENT-NON INJURY
10/04/2018,Adelaide,FOUND PROPERTY - I RPT
19/03/2018,Fleurieu Peninsula,594(B)(1)PC  VANDALISM +$400
26/06/2018,Eyre Peninsula,459 PC  BURGLARY BUSINESS
05/01/2018,Eyre Peninsula,459 PC  BURGLARY VEHICLE
14/10/2018,Kangaroo Island,NON INJ HR/MAIL OUT REPORT
10/10/2018,Clare Valley,TOWED/STORED VEHICLE
27/02/2018,Barossa,TOWED/STORED VEHICLE
09/07/2018,Clare Valley,243(E)1 BATTERY NONCOHAB SPOUS
31/03/2018,Eyre Peninsula,10851(A)VC TAKE VEH W/O OWNER
02/06/2018,Kangaroo Island,459 PC  BURGLARY VEHICLE
07/12/2018,Barossa,11364 HS POSS DRUG PARAPH
04/01/2018,Clare Valley,484 PETTY THEFT/LICENSE PLATE
13/06/2018,Eyre Peninsula,290(A)(1)(D) FAIL TO REG-5 DAY
25/10/2018,Barossa,594(B)(1)VANDALISM GRAF +$400
06/10/2018,Barossa,TRAFFIC-ACCIDENT-NON INJURY
10/10/2018,Kangaroo Island,10851(A)VC TAKE VEH W/O OWNER
18/03/2018,Clare Valley,11350(A)HS POSS CNTRL SUBST
01/02/2018,Kangaroo Island,TOWED/STORED VEHICLE
27/12/2018,Barossa,10851 VC AUTO THEFT LOCATE
11/12/2018,Barossa,290(A)(1)(D) FAIL TO REG-5 DAY
30/08/2018,Adelaide,242 PC  BATTERY CIVILIAN
21/06/2018,Adelaide,459 PC  BURGLARY VEHICLE
20/05/2018,Barossa,MISSING PERSON
30/11/2018,Barossa,THREATS - I RPT
20/09/2018,Kangaroo Island,MISSING PERSON
12/10/2018,Barossa,20001(A) VC HIT/RUN INJ/DEATH
09/09/2018,Fleurieu Peninsula,10851 VC AUTO THEFT LOCATE
27/10/2018,Barossa,TRAFFIC-ACCIDENT-NON INJURY
30/05/2018,Clare Valley,BATTERY - I RPT
04/05/2018,Clare Valley,20002(A) HIT/RUN
24/09/2018,Barossa,MISSING PERSON
28/11/2018,Clare Valley,1708 US   THEFT OF MAIL
23/06/2018,Kangaroo Island,HARASSMENT - I RPT
05/08/2018,Eyre Peninsula,11351.5 HS POSS SALE RCK COCAI
10/08/2018,Clare Valley,TOWED/STORED VEH-14602.6
09/12/2018,Barossa,10851 VC AUTO THEFT LOCATE
14/08/2018,Clare Valley,10851(A)VC TAKE VEH W/O OWNER
27/02/2018,Adelaide,530.5 PC USE PERSONAL ID INFO
28/03/2018,Barossa,245(A)(1)AWDW/NO FIREARM/CIVIL
30/01/2018,Adelaide,459 PC  BURGLARY VEHICLE
15/02/2018,Clare Valley,487(A) PC GRAND THEFT
26/11/2018,Fleurieu Peninsula,20002(A) HIT/RUN
15/03/2018,Fleurieu Peninsula,20002(A) HIT/RUN
05/02/2018,Kangaroo Island,215(A) PC    CARJACKING
09/10/2018,Barossa,459 PC  BURGLARY VEHICLE
05/02/2018,Kangaroo Island,484 PC  PETTY THEFT/ OUTSIDE
15/01/2018,Kangaroo Island,602(K)TRESPASS:INJURE PROPERTY
22/03/2018,Barossa,459 PC  BURGLARY BUSINESS
19/02/2018,Barossa,459 PC  BURGLARY VEHICLE
09/06/2018,Clare Valley,11377(A)HS POSS AMPHETAMINES
19/04/2018,Clare Valley,TRAFFIC-ACCIDENT INJURY
27/10/2018,Barossa,484 PETTY THEFT/LICENSE PLATE
08/03/2018,Fleurieu Peninsula,TRAFFIC-ACCIDENT INJURY
25/10/2018,Barossa,503 PC   EMBEZZLEMENT
06/07/2018,Barossa,459 PC  BURGLARY BUSINESS
16/07/2018,Kangaroo Island,10851(A)VC TAKE VEH W/O OWNER
02/06/2018,Fleurieu Peninsula,242 PC  BATTERY CIVILIAN
07/02/2018,Fleurieu Peninsula,594(B)(2)(A) VANDALISM/ -$400
28/09/2018,Clare Valley,20002(A) HIT/RUN
28/03/2018,Clare Valley,TRAFFIC-ACCIDENT INJURY
21/07/2018,Fleurieu Peninsula,9.04.050 A DRINKING IN PUBLIC
31/10/2018,Clare Valley,459 PC  BURGLARY RESIDENCE
22/10/2018,Eyre Peninsula,TOWED/STORED VEHICLE
27/05/2018,Eyre Peninsula,459 PC  BURGLARY RESIDENCE
22/02/2018,Barossa,TOWED/STORED VEH-14602.6
26/06/2018,Clare Valley,10851(A)VC TAKE VEH W/O OWNER
23/10/2018,Clare Valley,314.1 PC   INDECENT EXPOSURE
09/10/2018,Adelaide,10851(A)VC TAKE VEH W/O OWNER
14/12/2018,Barossa,THREATS - I RPT
26/10/2018,Clare Valley,459 PC  BURGLARY VEHICLE
30/07/2018,Barossa,TOWED/STORED VEHICLE
20/12/2018,Clare Valley,459 PC  BURGLARY VEHICLE
14/04/2018,Clare Valley,484 PC   PETTY THEFT/INSIDE
15/12/2018,Eyre Peninsula,487(A) PC GRAND THEFT
25/06/2018,Kangaroo Island,11364 HS POSS DRUG PARAPH
19/05/2018,Eyre Peninsula,10851(A)VC TAKE VEH W/O OWNER
22/05/2018,Clare Valley,CASUALTY REPORT
01/04/2018,Adelaide,MISCELLANEOUS I RPT (ZMISC)
22/10/2018,Eyre Peninsula,TRAFFIC-ACCIDENT INJURY
16/08/2018,Barossa,10851(A)VC TAKE VEH W/O OWNER
24/09/2018,Kangaroo Island,459 PC  BURGLARY RESIDENCE
05/12/2018,Clare Valley,459 PC  BURGLARY VEHICLE
02/01/2018,Fleurieu Peninsula,PETTY THEFT - I RPT
06/05/2018,Adelaide,484 PC   PETTY THEFT/INSIDE
19/06/2018,Barossa,5150 WI DANGER SELF/OTHERS
24/01/2018,Barossa,TOWED/STORED VEH-14602.6
19/09/2018,Barossa,MISSING PERSON
10/01/2018,Barossa,245(A)(1)AWDW/NO FIREARM/CIVIL
10/03/2018,Clare Valley,TRAFFIC-ACCIDENT-NON INJURY
26/08/2018,Adelaide,211 PC  ROBBERY UNSPECIFIED
04/06/2018,Kangaroo Island,5150 WI DANGER SELF/OTHERS
09/06/2018,Adelaide,10851(A)VC TAKE VEH W/O OWNER
12/02/2018,Clare Valley,10851(A)VC TAKE VEH W/O OWNER
25/04/2018,Eyre Peninsula,TOWED/STORED VEHICLE
25/11/2018,Barossa,FAMILY DISTURBANCE - I RPT
21/05/2018,Clare Valley,148.9 PC FALSE ID TO OFFICER
01/03/2018,Barossa,MISSING PERSON
01/09/2018,Adelaide,459 PC  BURGLARY VEHICLE
04/02/2018,Kangaroo Island,10851(A)VC TAKE VEH W/O OWNER
03/05/2018,Eyre Peninsula,594(B)(2)(A) VANDALISM/ -$400
03/02/2018,Fleurieu Peninsula,10851(A)VC TAKE VEH W/O OWNER
19/01/2018,Adelaide,459 PC  BURGLARY VEHICLE
20/06/2018,Fleurieu Peninsula,211 PC ROBBERY- BUSINESS
20/08/2018,Kangaroo Island,211 PC  ROBBERY UNSPECIFIED
26/11/2018,Barossa,243(E)1 BATTERY NONCOHAB SPOUS
18/07/2018,Barossa,10851 VC AUTO THEFT LOCATE
28/10/2018,Eyre Peninsula,10851(A)VC TAKE VEH W/O OWNER
25/06/2018,Fleurieu Peninsula,PROTECTIVE CUSTODY-I RPT
31/03/2018,Clare Valley,PROTECTIVE CUSTODY-I RPT
25/11/2018,Adelaide,211 PC  ROBBERY UNSPECIFIED
01/11/2018,Eyre Peninsula,211 PC  ROBBERY UNSPECIFIED
09/11/2018,Clare Valley,CASUALTY REPORT
19/02/2018,Barossa,10851(A)VC TAKE VEH W/O OWNER
04/06/2018,Clare Valley,10851(A)VC TAKE VEH W/O OWNER
24/01/2018,Clare Valley,CASUALTY REPORT
11/08/2018,Fleurieu Peninsula,CHILD WELFARE - I RPT
03/05/2018,Adelaide,FOUND PROPERTY - I RPT
02/01/2018,Adelaide,TRAFFIC-ACCIDENT INJURY
04/05/2018,Adelaide,459 PC  BURGLARY VEHICLE
16/01/2018,Adelaide,484 PETTY THEFT CLOUT UNLOCKED
25/11/2018,Clare Valley,11364 HS POSS DRUG PARAPH
29/09/2018,Barossa,10851(A)VC TAKE VEH W/O OWNER
02/05/2018,Barossa,11350(A)HS POSS CNTRL SUBST
22/07/2018,Clare Valley,487(A) GRAND THEFT-INSIDE
23/04/2018,Adelaide,459 PC  BURGLARY VEHICLE
14/04/2018,Fleurieu Peninsula,245(A)(1)AWDW/NO FIREARM/CIVIL
21/07/2018,Barossa,11377(A)HS POSS AMPHETAMINES
13/06/2018,Barossa,CASUALTY REPORT
24/09/2018,Adelaide,459 PC  BURGLARY VEHICLE
07/02/2018,Kangaroo Island,530.5 PC USE PERSONAL ID INFO
02/11/2018,Kangaroo Island,10851(A)VC TAKE VEH W/O OWNER
30/12/2018,Barossa,459 PC  BURGLARY VEHICLE
03/06/2018,Clare Valley,484 PC-PETTY THEFT-COIN MACHIN
08/04/2018,Clare Valley,484 PC-PETTY THEFT-COIN MACHIN
27/02/2018,Clare Valley,484 PC-PETTY THEFT-COIN MACHIN
28/07/2018,Eyre Peninsula,459 PC  BURGLARY VEHICLE
14/03/2018,Adelaide,459 PC  BURGLARY VEHICLE
05/11/2018,Barossa,484 PC   PETTY THEFT/INSIDE
21/10/2018,Fleurieu Peninsula,530.5 PC USE PERSONAL ID INFO
20/01/2018,Barossa,20002(A) HIT/RUN
23/10/2018,Fleurieu Peninsula,TOWED/STORED VEH-14602.6
13/05/2018,Eyre Peninsula,211 PC  ROBBERY UNSPECIFIED
13/04/2018,Barossa,243(E)1 BATTERY NONCOHAB SPOUS
03/07/2018,Clare Valley,10851 VC AUTO THEFT LOCATE
17/12/2018,Kangaroo Island,12420 PC SELL/TRANSP TEAR GAS
22/11/2018,Kangaroo Island,594(B)(1)PC  VANDALISM +$400
10/07/2018,Clare Valley,10851 VC AUTO THEFT LOCATE
22/03/2018,Eyre Peninsula,MISCELLANEOUS I RPT (ZMISC)
11/11/2018,Adelaide,487(A) GRAND THEFT-CLOUT-UNLOC
08/08/2018,Clare Valley,10851(A)VC TAKE VEH W/O OWNER
11/05/2018,Clare Valley,459 PC  BURGLARY BUSINESS
21/04/2018,Clare Valley,459 PC  BURGLARY VEHICLE
19/02/2018,Clare Valley,11364 HS POSS DRUG PARAPH
20/10/2018,Barossa,459 PC  BURGLARY VEHICLE
19/09/2018,Eyre Peninsula,594(B)(1)PC  VANDALISM +$400
21/07/2018,Fleurieu Peninsula,THREATS - I RPT
12/03/2018,Clare Valley,211 PC  ROBBERY UNSPECIFIED
13/02/2018,Eyre Peninsula,10851 VC AUTO THEFT LOCATE
30/11/2018,Barossa,594(B)(1)PC  VANDALISM +$400
10/02/2018,Adelaide,487(A) PC GRAND THEFT
26/05/2018,Barossa,BATTERY - I RPT
24/11/2018,Eyre Peninsula,187(A)  HOMICIDE
08/12/2018,Eyre Peninsula,MISSING PERSON
10/10/2018,Eyre Peninsula,ACCIDENTAL FIRES/ARSON -I RPT
19/12/2018,Barossa,10851(A)VC TAKE VEH W/O OWNER
09/04/2018,Clare Valley,5150 WI DANGER SELF/OTHERS
08/11/2018,Barossa,459 PC  BURGLARY RESIDENCE
02/07/2018,Adelaide,496(A) RECEIVE STOLEN PROPERTY
13/11/2018,Kangaroo Island,BUSINESS PERMITS - I RPT
16/01/2018,Eyre Peninsula,TOWED/STORED VEHICLE
05/10/2018,Kangaroo Island,459 PC  BURGLARY RESIDENCE
01/03/2018,Kangaroo Island,594(B)(2)(A) VANDALISM/ -$400
14/04/2018,Kangaroo Island,10851 VC AUTO THEFT LOCATE
17/03/2018,Kangaroo Island,10851(A)VC TAKE VEH W/O OWNER
18/10/2018,Eyre Peninsula,FOUND PROPERTY - I RPT
10/08/2018,Adelaide,459 PC  BURGLARY VEHICLE
18/07/2018,Clare Valley,TRAFFIC-ACCIDENT INJURY
22/01/2018,Barossa,459 PC  BURGLARY BUSINESS
06/11/2018,Eyre Peninsula,484G(B) PC ACCESS CARD FRAUD
28/06/2018,Adelaide,484 PETTY THEFT/LICENSE PLATE
08/03/2018,Barossa,10851 VC AUTO THEFT LOCATE
17/04/2018,Clare Valley,11357(B)HS POSS -28.5GR MARIJ
21/03/2018,Clare Valley,TRAFFIC-ACCIDENT INJURY
22/03/2018,Fleurieu Peninsula,TOWED/STORED VEHICLE
27/04/2018,Eyre Peninsula,TRAFFIC-ACCIDENT INJURY
28/07/2018,Adelaide,FOUND PROPERTY - I RPT
12/11/2018,Fleurieu Peninsula,TOWED/STORED VEH-14602.6
26/02/2018,Clare Valley,TOWED/STORED VEH-14602.6
16/12/2018,Kangaroo Island,10851 VC AUTO THEFT LOCATE
09/02/2018,Adelaide,10851(A)VC TAKE VEH W/O OWNER
07/08/2018,Adelaide,594(B)(2)(A) VANDALISM/ -$400
16/11/2018,Eyre Peninsula,SUSP PERS-NO CRIME - I RPT
11/07/2018,Barossa,10851(A)VC TAKE VEH W/O OWNER
24/11/2018,Clare Valley,TOWED/STORED VEH-14602.6
17/03/2018,Eyre Peninsula,10851 VC AUTO THEFT LOCATE
03/07/2018,Barossa,10851(A)VC TAKE VEH W/O OWNER
07/08/2018,Kangaroo Island,20002(A) HIT/RUN
01/08/2018,Kangaroo Island,484 PETTY THEFT CLOUT UNLOCKED
19/09/2018,Barossa,530.5 PC USE PERSONAL ID INFO
20/01/2018,Barossa,484G(B) PC ACCESS CARD FRAUD
22/01/2018,Kangaroo Island,530.5 PC USE PERSONAL ID INFO
25/12/2018,Kangaroo Island,LOST PROPERTY - I RPT
13/12/2018,Adelaide,TOWED/STORED VEH-14602.6
16/10/2018,Adelaide,459 PC  BURGLARY RESIDENCE
21/06/2018,Eyre Peninsula,9.04.070 URINATE/DEFECATE PUB
28/05/2018,Fleurieu Peninsula,TOWED/STORED VEH-14602.6
15/02/2018,Clare Valley,487(A) PC GRAND THEFT
18/03/2018,Fleurieu Peninsula,CASUALTY REPORT
03/10/2018,Clare Valley,TOWED/STORED VEHICLE
04/04/2018,Clare Valley,10851 VC AUTO THEFT LOCATE
10/03/2018,Barossa,10851 VC AUTO THEFT LOCATE
19/11/2018,Clare Valley,TOWED/STORED VEHICLE
11/12/2018,Clare Valley,TOWED/STORED VEHICLE
19/10/2018,Eyre Peninsula,487(A) GRAND THEFT-INSIDE
02/01/2018,Clare Valley,TOWED/STORED VEHICLE
13/04/2018,Fleurieu Peninsula,TOWED/STORED VEH-14602.6
24/05/2018,Barossa,422 PC THREAT/INTENT TO TERROR
10/04/2018,Barossa,TOWED/STORED VEHICLE
11/10/2018,Kangaroo Island,TRAFFIC-ACCIDENT-NON INJURY
15/06/2018,Clare Valley,TOWED/STORED VEHICLE
05/10/2018,Clare Valley,594(B)(1)PC  VANDALISM +$400
14/08/2018,Barossa,10851(A)VC TAKE VEH W/O OWNER
05/08/2018,Barossa,10851(A)VC TAKE VEH W/O OWNER
22/04/2018,Clare Valley,484 PC PETTY THEFT
30/11/2018,Clare Valley,9.04.050 A DRINKING IN PUBLIC
02/05/2018,Clare Valley,TOWED/STORED VEHICLE
17/08/2018,Eyre Peninsula,459 PC  BURGLARY RESIDENCE
22/05/2018,Fleurieu Peninsula,594(B)(2)(A) VANDALISM/ -$400
25/03/2018,Barossa,TOWED/STORED VEH-14602.6
03/07/2018,Fleurieu Peninsula,TRAFFIC-ACCIDENT INJURY
08/05/2018,Barossa,5150 WI DANGER SELF/OTHERS
03/10/2018,Adelaide,10851(A)VC TAKE VEH W/O OWNER
13/07/2018,Barossa,459 PC  BURGLARY RESIDENCE
14/10/2018,Adelaide,475(C) PASS FORGED NOTE
23/11/2018,Clare Valley,TOWED/STORED VEH-14602.6
18/01/2018,Fleurieu Peninsula,475(C) PASS FORGED NOTE
22/05/2018,Fleurieu Peninsula,FORGERY-COUNTERFEITING
24/04/2018,Eyre Peninsula,TRAFFIC-ACCIDENT INJURY
05/08/2018,Clare Valley,TRAFFIC-ACCIDENT-NON INJURY
05/02/2018,Barossa,459 PC  BURGLARY RESIDENCE
04/07/2018,Clare Valley,TOWED/STORED VEHICLE
01/05/2018,Clare Valley,10851(A)VC TAKE VEH W/O OWNER
17/10/2018,Adelaide,459 PC  BURGLARY RESIDENCE
31/08/2018,Clare Valley,TOWED/STORED VEH-14602.6
17/03/2018,Barossa,FOUND PROPERTY - I RPT
27/02/2018,Fleurieu Peninsula,TOWED/STORED VEH-14602.6
10/10/2018,Barossa,MISSING PERSON I RPT
08/08/2018,Clare Valley,459 PC  BURGLARY VEHICLE
01/09/2018,Kangaroo Island,HARASSMENT - I RPT
10/03/2018,Fleurieu Peninsula,487(D)GRAND THEFT FIREARM/ANIM
14/11/2018,Clare Valley,TOWED/STORED VEH-14602.6
11/10/2018,Kangaroo Island,290(F)1 W/I 5 DAYS ADD CHANGE
17/04/2018,Kangaroo Island,487(A) GRAND THEFT-INSIDE
09/12/2018,Eyre Peninsula,459 PC  BURGLARY RESIDENCE
21/04/2018,Clare Valley,TRAFFIC-ACCIDENT INJURY
05/10/2018,Clare Valley,TRAFFIC-ACCIDENT INJURY
28/07/2018,Fleurieu Peninsula,TOWED/STORED VEHICLE
03/10/2018,Barossa,5150 WI DANGER SELF/OTHERS
17/09/2018,Clare Valley,TRAFFIC-ACCIDENT INJURY
23/07/2018,Barossa,459 PC  BURGLARY RESIDENCE
23/02/2018,Adelaide,242 PC  BATTERY CIVILIAN
16/02/2018,Fleurieu Peninsula,487(A) PC GRAND THEFT
15/01/2018,Barossa,10851 VC AUTO THEFT LOCATE
31/08/2018,Clare Valley,POSS STOLEN VEHICLE- I RPT
16/10/2018,Eyre Peninsula,459 PC  BURGLARY RESIDENCE
25/06/2018,Fleurieu Peninsula,459 PC  BURGLARY RESIDENCE
22/03/2018,Eyre Peninsula,FOUND PROPERTY - I RPT
04/10/2018,Barossa,MISSING PERSON
08/08/2018,Adelaide,NON INJ HR/MAIL OUT REPORT
17/05/2018,Eyre Peninsula,TOWED/STORED VEHICLE
22/06/2018,Eyre Peninsula,290(F)1 W/I 5 DAYS ADD CHANGE
30/11/2018,Eyre Peninsula,MISSING PERSON
15/03/2018,Adelaide,530.5 PC USE PERSONAL ID INFO
06/09/2018,Fleurieu Peninsula,ASSAULT WITH WEAPON - I RPT
01/11/2018,Adelaide,245(A)(1)AWDW/NO FIREARM/CIVIL
16/07/2018,Adelaide,FOUND PROPERTY - I RPT
22/08/2018,Adelaide,BURGLARY - I RPT
30/10/2018,Clare Valley,TOWED/STORED VEHICLE
27/01/2018,Eyre Peninsula,496(A) RECEIVE STOLEN PROPERTY
09/03/2018,Clare Valley,484 PETTY THEFT-SHOPLIFT
16/10/2018,Kangaroo Island,459 PC  BURGLARY RESIDENCE
07/01/2018,Clare Valley,484 PC PETTY THEFT
14/07/2018,Kangaroo Island,11357(B)HS POSS -28.5GR MARIJ
28/01/2018,Adelaide,MISSING PERSON
22/09/2018,Eyre Peninsula,459 PC  BURGLARY VEHICLE
01/08/2018,Barossa,MISSING PERSON
28/03/2018,Clare Valley,TOWED/STORED VEHICLE
21/05/2018,Barossa,484 PC  PETTY THEFT/ OUTSIDE
01/08/2018,Fleurieu Peninsula,POSSIBLE MENTAL - I RPT
03/09/2018,Clare Valley,20002(A) HIT/RUN
16/06/2018,Clare Valley,MISCELLANEOUS I RPT (ZMISC)
26/12/2018,Fleurieu Peninsula,5150 WI DANGER SELF/OTHERS
25/01/2018,Clare Valley,TRAFFIC-ACCIDENT INJURY
09/06/2018,Clare Valley,MISCELLANEOUS I RPT (ZMISC)
08/11/2018,Adelaide,TOWED/STORED VEHICLE
28/07/2018,Barossa,11357(B)HS POSS -28.5GR MARIJ
28/09/2018,Clare Valley,THREATS - I RPT
03/04/2018,Fleurieu Peninsula,459 PC  BURGLARY RESIDENCE
23/03/2018,Barossa,23152(A) VC DUI-ALCOHOL/DRUGS
19/11/2018,Eyre Peninsula,11377(A)HS POSS AMPHETAMINES
22/07/2018,Barossa,10851 VC AUTO THEFT LOCATE
15/03/2018,Fleurieu Peninsula,20002(A) HIT/RUN
13/08/2018,Fleurieu Peninsula,459 PC  BURGLARY VEHICLE
29/01/2018,Barossa,459 PC  BURGLARY BUSINESS
28/09/2018,Eyre Peninsula,487(A) PC GRAND THEFT
30/01/2018,Kangaroo Island,NON INJ HR/MAIL OUT REPORT
16/10/2018,Fleurieu Peninsula,5150 WI DANGER SELF/OTHERS
26/02/2018,Fleurieu Peninsula,5150 WI DANGER SELF/OTHERS
14/08/2018,Fleurieu Peninsula,529 PC FALSE PERSONATION
02/10/2018,Clare Valley,TOWED/STORED VEHICLE
25/12/2018,Barossa,10851(A)VC TAKE VEH W/O OWNER
27/04/2018,Barossa,10851(A)VC TAKE VEH W/O OWNER
31/03/2018,Fleurieu Peninsula,459 PC  BURGLARY VEHICLE
14/04/2018,Kangaroo Island,211 PC ROBBERY- BUSINESS
24/03/2018,Barossa,487(A) PC GRAND THEFT
15/06/2018,Adelaide,487(A) PC GRAND THEFT
22/01/2018,Clare Valley,TOWED/STORED VEHICLE
16/04/2018,Fleurieu Peninsula,422 PC THREAT/INTENT TO TERROR
21/12/2018,Clare Valley,459 PC  BURGLARY VEHICLE
14/09/2018,Clare Valley,459 PC  BURGLARY VEHICLE
21/12/2018,Fleurieu Peninsula,484 PC   PETTY THEFT/INSIDE
10/01/2018,Eyre Peninsula,FAMILY DISTURBANCE - I RPT
25/08/2018,Clare Valley,487(A) PC GRAND THEFT
14/01/2018,Barossa,10851 VC AUTO THEFT LOCATE
25/04/2018,Kangaroo Island,459 PC  BURGLARY RESIDENCE
31/01/2018,Clare Valley,594(B)(2)(A) VANDALISM/ -$400
07/06/2018,Fleurieu Peninsula,THREATS - I RPT
10/11/2018,Adelaide,459 PC  BURGLARY VEHICLE
19/06/2018,Clare Valley,211 PC  ROBBERY UNSPECIFIED
18/06/2018,Barossa,211 PC ROBBERY- BUSINESS
30/11/2018,Kangaroo Island,10851(A)VC TAKE VEH W/O OWNER
11/06/2018,Kangaroo Island,NARCOTICS SUSP/EVID/ACT- I RPT
30/05/2018,Fleurieu Peninsula,459 PC  BURGLARY RESIDENCE
04/05/2018,Barossa,459 PC  BURGLARY BUSINESS
27/05/2018,Barossa,MISSING PERSON
20/05/2018,Clare Valley,11357(B)HS POSS -28.5GR MARIJ
26/11/2018,Fleurieu Peninsula,243(D) PC BATT/CIVILIAN W/INJ
05/07/2018,Clare Valley,5150 WI DANGER SELF/OTHERS
16/09/2018,Kangaroo Island,496(A) RECEIVE STOLEN PROPERTY
25/11/2018,Clare Valley,10851(A)VC TAKE VEH W/O OWNER
22/03/2018,Barossa,MISSING PERSON
24/12/2018,Fleurieu Peninsula,484 PC   PETTY THEFT/INSIDE
02/10/2018,Fleurieu Peninsula,476 PC PASS FICTICIOUS CHECK
06/01/2018,Kangaroo Island,TOWED/STORED VEHICLE
22/05/2018,Barossa,11351.5 HS POSS SALE RCK COCAI
02/01/2018,Barossa,SUSP PERS-NO CRIME - I RPT
04/11/2018,Clare Valley,TRAFFIC-ACCIDENT INJURY
29/04/2018,Adelaide,459 PC  BURGLARY RESIDENCE
22/01/2018,Barossa,10851 VC AUTO THEFT LOCATE
17/12/2018,Adelaide,MISCELLANEOUS I RPT (ZMISC)
27/08/2018,Barossa,10851(A)VC TAKE VEH W/O OWNER
15/09/2018,Kangaroo Island,PROTECTIVE CUSTODY-I RPT
16/06/2018,Fleurieu Peninsula,459 PC  BURGLARY RESIDENCE
15/11/2018,Adelaide,10851(A)VC TAKE VEH W/O OWNER
23/07/2018,Clare Valley,CASUALTY REPORT
27/01/2018,Fleurieu Peninsula,484 PC   PETTY THEFT/INSIDE
10/04/2018,Clare Valley,CASUALTY REPORT
25/09/2018,Clare Valley,484 PETTY THEFT/LICENSE PLATE
09/08/2018,Eyre Peninsula,10851(A)VC TAKE VEH W/O OWNER
27/01/2018,Eyre Peninsula,459 PC  BURGLARY VEHICLE
27/12/2018,Clare Valley,459 PC  BURGLARY VEHICLE
24/05/2018,Fleurieu Peninsula,WARRANT SERVED - I RPT
10/02/2018,Barossa,10851(A)VC TAKE VEH W/O OWNER
05/04/2018,Barossa,10851 VC AUTO THEFT LOCATE
06/12/2018,Adelaide,459 PC  BURGLARY RESIDENCE
08/05/2018,Fleurieu Peninsula,TOWED/STORED VEHICLE
15/01/2018,Eyre Peninsula,TOWED/STORED VEH-14602.6
20/07/2018,Barossa,10851 VC AUTO THEFT LOCATE
15/05/2018,Eyre Peninsula,10851(A)VC TAKE VEH W/O OWNER
25/05/2018,Barossa,10851(A)VC TAKE VEH W/O OWNER
04/03/2018,Kangaroo Island,5150 WI DANGER SELF/OTHERS
18/11/2018,Fleurieu Peninsula,243(E)1 BATTERY NONCOHAB SPOUS
25/08/2018,Kangaroo Island,TOWED/STORED VEHICLE
17/05/2018,Barossa,5150 WI DANGER SELF/OTHERS
07/05/2018,Clare Valley,TOWED/STORED VEH-14602.6
29/12/2018,Kangaroo Island,245(A)(2) AWDW/FIREARM/CIVILIA
03/07/2018,Eyre Peninsula,CASUALTY REPORT
02/10/2018,Kangaroo Island,484 PETTY THEFT CLOUT UNLOCKED
14/11/2018,Eyre Peninsula,476 PC PASS FICTICIOUS CHECK
13/03/2018,Kangaroo Island,484 PETTY THEFT CLOUT UNLOCKED
10/08/2018,Barossa,3056 PAROLE VIO - I RPT
22/03/2018,Fleurieu Peninsula,CHILD WELFARE - I RPT
01/07/2018,Clare Valley,LOST PROPERTY - I RPT
22/10/2018,Fleurieu Peninsula,10851(A)VC TAKE VEH W/O OWNER
06/06/2018,Adelaide,459 PC  BURGLARY VEHICLE
21/12/2018,Fleurieu Peninsula,594(B)(2)(A) VANDALISM/ -$400
31/08/2018,Barossa,459 PC  BURGLARY VEHICLE
10/03/2018,Eyre Peninsula,594(B)(1)PC  VANDALISM +$400
02/03/2018,Adelaide,594(B)(1)PC  VANDALISM +$400
18/10/2018,Eyre Peninsula,459 PC  BURGLARY VEHICLE
11/01/2018,Adelaide,TELEPEST -I RPT
04/10/2018,Adelaide,484 PETTY THEFT/LICENSE PLATE
30/10/2018,Kangaroo Island,594(B)(2)(A) VANDALISM/ -$400
20/05/2018,Clare Valley,459 PC  BURGLARY VEHICLE
23/02/2018,Clare Valley,PETTY THEFT - I RPT
28/03/2018,Barossa,10855 VC LSE/RENT NOT RETURNED
27/10/2018,Kangaroo Island,459 PC  BURGLARY RESIDENCE
20/11/2018,Kangaroo Island,TOWED/STORED VEHICLE
24/11/2018,Barossa,MISCELLANEOUS I RPT (ZMISC)
07/01/2018,Eyre Peninsula,BOMBS/THREATS/EXPLOSIV- I RPT
08/01/2018,Barossa,10851(A)VC TAKE VEH W/O OWNER
21/07/2018,Clare Valley,5150 WI DANGER SELF/OTHERS
21/10/2018,Clare Valley,TOWED/STORED VEHICLE
18/09/2018,Kangaroo Island,459 PC  BURGLARY RESIDENCE
30/09/2018,Adelaide,594(B)(1)PC  VANDALISM +$400
19/04/2018,Barossa,459 PC  BURGLARY VEHICLE
01/10/2018,Eyre Peninsula,422 PC THREAT/INTENT TO TERROR
09/02/2018,Clare Valley,594(B)(1)PC  VANDALISM +$400
26/01/2018,Kangaroo Island,23152(A) VC DUI-ALCOHOL/DRUGS
14/12/2018,Eyre Peninsula,JUVENILE PROBLEMS - I RPT
03/10/2018,Clare Valley,459 PC  BURGLARY BUSINESS
15/05/2018,Clare Valley,459 PC  BURGLARY VEHICLE
18/09/2018,Clare Valley,243(E)1 BATTERY NONCOHAB SPOUS
17/12/2018,Fleurieu Peninsula,11364 HS POSS DRUG PARAPH
15/07/2018,Barossa,417(A)1) PC BRANDISH NON-GUN
17/06/2018,Clare Valley,594(B)(2)(A) VANDALISM/ -$400
09/04/2018,Clare Valley,211 PC  ROBBERY UNSPECIFIED
19/12/2018,Fleurieu Peninsula,VANDALISM - I RPT
20/05/2018,Fleurieu Peninsula,459 PC  BURGLARY VEHICLE
08/03/2018,Clare Valley,215(A) PC    CARJACKING
01/05/2018,Barossa,10851(A)VC TAKE VEH W/O OWNER
20/05/2018,Fleurieu Peninsula,TRAFFIC-ACCIDENT-NON INJURY
11/02/2018,Kangaroo Island,417(A)1) PC BRANDISH NON-GUN
10/02/2018,Clare Valley,211 PC ROBBERY-PURSE SNATCH
15/04/2018,Fleurieu Peninsula,TRAFFIC-ACCIDENT INJURY
07/05/2018,Barossa,459 PC  BURGLARY RESIDENCE
03/06/2018,Eyre Peninsula,TOWED/STORED VEH-14602.6
16/03/2018,Eyre Peninsula,TOWED/STORED VEH-14602.6
18/11/2018,Kangaroo Island,MISSING PERSON
29/09/2018,Eyre Peninsula,CASUALTY REPORT
30/07/2018,Barossa,459 PC  BURGLARY RESIDENCE
27/09/2018,Adelaide,459 PC  BURGLARY RESIDENCE
16/05/2018,Eyre Peninsula,459 PC  BURGLARY RESIDENCE
17/09/2018,Adelaide,459 PC  BURGLARY RESIDENCE
10/04/2018,Adelaide,TRAFFIC-ACCIDENT-NON INJURY
28/05/2018,Eyre Peninsula,TOWED/STORED VEHICLE
02/04/2018,Eyre Peninsula,10851 VC AUTO THEFT LOCATE
27/01/2018,Eyre Peninsula,TOWED/STORED VEH-14602.6
01/09/2018,Eyre Peninsula,TOWED/STORED VEH-14602.6
17/11/2018,Barossa,594(B)(2)(A) VANDALISM/ -$400
15/03/2018,Eyre Peninsula,484G(B) PC ACCESS CARD FRAUD
27/07/2018,Barossa,487(A) PC GRAND THEFT
19/07/2018,Adelaide,484 PC  PETTY THEFT/ OUTSIDE
26/01/2018,Barossa,459 PC  BURGLARY BUSINESS
03/06/2018,Kangaroo Island,459 PC  BURGLARY RESIDENCE
07/12/2018,Adelaide,487(A) GRAND THEFT-CLOUT-UNLOC
16/01/2018,Adelaide,TOWED/STORED VEH-14602.6
05/03/2018,Kangaroo Island,459 PC  BURGLARY RESIDENCE
17/06/2018,Fleurieu Peninsula,TRAFFIC-ACCIDENT INJURY
11/11/2018,Eyre Peninsula,TOWED/STORED VEH-14602.6
07/12/2018,Eyre Peninsula,TOWED/STORED VEHICLE
24/04/2018,Kangaroo Island,484 PC   PETTY THEFT/INSIDE
26/07/2018,Fleurieu Peninsula,459 PC  BURGLARY RESIDENCE
15/05/2018,Clare Valley,594(B)(2)(A) VANDALISM/ -$400
04/05/2018,Kangaroo Island,10851 VC AUTO THEFT LOCATE
08/09/2018,Eyre Peninsula,TOWED/STORED VEH-14602.6
26/01/2018,Eyre Peninsula,TOWED/STORED VEH-14602.6
05/02/2018,Eyre Peninsula,TOWED/STORED VEH-14602.6
04/01/2018,Adelaide,484 PETTY THEFT-SHOPLIFT
25/05/2018,Barossa,10851 VC AUTO THEFT LOCATE
03/12/2018,Adelaide,484 PC   PETTY THEFT/INSIDE
01/06/2018,Fleurieu Peninsula,530.5 PC USE PERSONAL ID INFO
05/07/2018,Eyre Peninsula,TOWED/STORED VEH-14602.6
18/01/2018,Fleurieu Peninsula,459 PC  BURGLARY RESIDENCE
06/01/2018,Fleurieu Peninsula,10851 VC AUTO THEFT LOCATE
22/10/2018,Clare Valley,TRAFFIC-ACCIDENT INJURY
21/08/2018,Eyre Peninsula,TOWED/STORED VEH-14602.6
14/08/2018,Fleurieu Peninsula,459 PC  BURGLARY RESIDENCE
21/01/2018,Barossa,10851 VC AUTO THEFT LOCATE
19/09/2018,Eyre Peninsula,5150 WI DANGER SELF/OTHERS
12/04/2018,Barossa,211 PC ROBBERY- BUSINESS
20/03/2018,Eyre Peninsula,TOWED/STORED VEH-14602.6
02/04/2018,Adelaide,TOWED/STORED VEH-14602.6
01/12/2018,Kangaroo Island,10851 VC AUTO THEFT LOCATE
09/04/2018,Clare Valley,5150 WI DANGER SELF/OTHERS
09/03/2018,Barossa,TOWED/STORED VEHICLE
14/11/2018,Fleurieu Peninsula,211 PC ROBBERY- BUSINESS
24/08/2018,Clare Valley,TOWED/STORED VEHICLE
29/12/2018,Fleurieu Peninsula,459 PC  BURGLARY RESIDENCE
23/07/2018,Fleurieu Peninsula,653M(B) PC ANNOY/RPT CALL HOME
04/06/2018,Fleurieu Peninsula,484J PC PUBLISH CARD INFO
17/12/2018,Clare Valley,HARASSMENT - I RPT
01/02/2018,Barossa,23103(A) RECKLESS ON HIGHWAY
15/10/2018,Kangaroo Island,10851 VC AUTO THEFT LOCATE
23/12/2018,Barossa,TRAFFIC-ACCIDENT INJURY
15/11/2018,Barossa,MISSING PERSON
08/07/2018,Eyre Peninsula,TOWED/STORED VEH-14602.6
06/07/2018,Eyre Peninsula,TOWED/STORED VEH-14602.6
19/11/2018,Barossa,TRAFFIC-ACCIDENT-NON INJURY
29/07/2018,Adelaide,TOWED/STORED VEHICLE
07/02/2018,Eyre Peninsula,TOWED/STORED VEH-14602.6
29/01/2018,Kangaroo Island,11352(A)HS SALE/TRANS CNTL SUB
26/07/2018,Clare Valley,459 PC  BURGLARY RESIDENCE
16/12/2018,Eyre Peninsula,TOWED/STORED VEH-14602.6
05/04/2018,Clare Valley,NON INJ HR/MAIL OUT REPORT
21/04/2018,Barossa,10851 VC AUTO THEFT LOCATE
30/04/2018,Eyre Peninsula,TOWED/STORED VEH-14602.6
04/02/2018,Eyre Peninsula,MISSING PERSON
27/03/2018,Clare Valley,666 PC PETTY THEFT W/PRI CONV
20/01/2018,Fleurieu Peninsula,MISSING PERSON
30/04/2018,Fleurieu Peninsula,245(A)(1)AWDW/NO FIREARM/CIVIL
24/02/2018,Clare Valley,TOWED/STORED VEHICLE
08/12/2018,Eyre Peninsula,TOWED/STORED VEH-14602.6
08/02/2018,Barossa,11364 HS POSS DRUG PARAPH
25/03/2018,Barossa,666 PC PETTY THEFT W/PRI CONV
09/01/2018,Eyre Peninsula,TRAFFIC-ACCIDENT-NON INJURY
13/05/2018,Adelaide,TOWED/STORED VEH-14602.6
05/03/2018,Eyre Peninsula,3056 PC PAROLE VIOLATION
05/07/2018,Kangaroo Island,243(D) PC BATT/CIVILIAN W/INJ
01/02/2018,Barossa,459 PC  BURGLARY RESIDENCE
01/03/2018,Eyre Peninsula,459 PC  BURGLARY VEHICLE
02/05/2018,Fleurieu Peninsula,530.5 PC USE PERSONAL ID INFO
04/08/2018,Eyre Peninsula,TOWED/STORED VEHICLE
07/12/2018,Clare Valley,TOWED/STORED VEHICLE
11/11/2018,Kangaroo Island,TOWED/STORED VEH-14602.6
08/05/2018,Barossa,TRAFFIC-ACCIDENT INJURY
22/09/2018,Clare Valley,602(N)TRESP DRIVE ON PRIVATE P
28/11/2018,Fleurieu Peninsula,530.5 PC USE PERSONAL ID INFO
18/07/2018,Eyre Peninsula,TOWED/STORED VEH-14602.6
31/01/2018,Barossa,O/S AGENCY -ASSISTANCE- I RPT
23/06/2018,Kangaroo Island,FAMILY DISTURBANCE - I RPT
28/06/2018,Adelaide,240 PC ASSAULT/SIMPLE-CIVILIAN
05/06/2018,Fleurieu Peninsula,CASUALTY REPORT
04/03/2018,Kangaroo Island,459 PC  BURGLARY RESIDENCE
18/03/2018,Barossa,MISSING PERSON
08/09/2018,Fleurieu Peninsula,242 PC  BATTERY CIVILIAN
27/12/2018,Adelaide,LOST PROPERTY - I RPT
29/04/2018,Eyre Peninsula,TOWED/STORED VEHICLE
10/03/2018,Kangaroo Island,2800.2(A) VC EVADING/RECKLESS
27/04/2018,Kangaroo Island,10851 VC AUTO THEFT LOCATE
02/11/2018,Kangaroo Island,TRAFFIC-ACCIDENT INJURY
02/12/2018,Barossa,10851 VC AUTO THEFT LOCATE
12/04/2018,Kangaroo Island,TOWED/STORED VEH-14602.6
10/11/2018,Clare Valley,496(A) RECEIVE STOLEN PROPERTY
26/10/2018,Fleurieu Peninsula,TOWED/STORED VEH-14602.6
18/02/2018,Eyre Peninsula,TOWED/STORED VEHICLE
09/05/2018,Fleurieu Peninsula,MISCELLANEOUS I RPT (ZMISC)
12/04/2018,Eyre Peninsula,11364 HS POSS DRUG PARAPH
10/12/2018,Barossa,TRAFFIC-ACCIDENT-NON INJURY
23/12/2018,Clare Valley,647(F) PC PUB INTOX-DETOX ONLY
11/08/2018,Fleurieu Peninsula,647(F) PC PUB INTOX-DETOX ONLY
11/01/2018,Barossa,BATTERY - I RPT
11/08/2018,Eyre Peninsula,TOWED/STORED VEH-14602.6
15/07/2018,Clare Valley,484 PC   PETTY THEFT/INSIDE
08/01/2018,Clare Valley,THREATS - I RPT
08/05/2018,Kangaroo Island,422 PC THREAT/INTENT TO TERROR
04/06/2018,Kangaroo Island,TOWED/STORED VEHICLE
29/01/2018,Fleurieu Peninsula,TOWED/STORED VEH-14602.6
03/01/2018,Eyre Peninsula,TOWED/STORED VEH-14602.6
26/12/2018,Eyre Peninsula,TOWED/STORED VEH-14602.6
24/04/2018,Adelaide,245(A)(1)AWDW/NO FIREARM/CIVIL
15/08/2018,Clare Valley,666 PC PETTY THEFT W/PRI CONV
21/07/2018,Clare Valley,484 PETTY THEFT-SHOPLIFT
13/12/2018,Clare Valley,11357(B)HS POSS -28.5GR MARIJ
31/01/2018,Eyre Peninsula,TOWED/STORED VEH-14602.6
17/05/2018,Clare Valley,TOWED/STORED VEHICLE
08/12/2018,Barossa,MISSING PERSON
30/06/2018,Clare Valley,GANG ACTIVITY - I RPT
07/12/2018,Barossa,594(B)(2)(A) VANDALISM/ -$400
06/07/2018,Barossa,476 PC PASS FICTICIOUS CHECK
11/12/2018,Clare Valley,484 PETTY THEFT-SHOPLIFT
02/04/2018,Adelaide,NARCOTICS SUSP/EVID/ACT- I RPT
01/04/2018,Clare Valley,487(A) PC GRAND THEFT
29/12/2018,Adelaide,12025(A)2)CNCLD GUN ON PER/FEL
01/04/2018,Kangaroo Island,TOWED/STORED VEHICLE
01/10/2018,Clare Valley,484 PC PETTY THEFT
07/09/2018,Eyre Peninsula,TOWED/STORED VEH-14602.6
14/05/2018,Kangaroo Island,TOWED/STORED VEHICLE
20/09/2018,Eyre Peninsula,TOWED/STORED VEH-14602.6
05/06/2018,Fleurieu Peninsula,TOWED/STORED VEHICLE
12/09/2018,Eyre Peninsula,TOWED/STORED VEHICLE
23/01/2018,Kangaroo Island,TOWED/STORED VEHICLE
21/12/2018,Kangaroo Island,TOWED/STORED VEHICLE
26/07/2018,Eyre Peninsula,TOWED/STORED VEH-14602.6
06/12/2018,Adelaide,12022.1 PC COMMIT FEL ON BAIL
27/11/2018,Kangaroo Island,TOWED/STORED VEHICLE
27/09/2018,Adelaide,242 PC  BATTERY CIVILIAN
17/06/2018,Eyre Peninsula,POSSIBLE FINANCIAL CRIME-I RPT
30/10/2018,Fleurieu Peninsula,10851(A)VC TAKE VEH W/O OWNER
29/04/2018,Barossa,20002(A) HIT/RUN
18/12/2018,Barossa,487(A) GRAND THEFT-INSIDE
20/08/2018,Clare Valley,484 PETTY THEFT-SHOPLIFT
24/11/2018,Adelaide,487(A) PC GRAND THEFT
07/12/2018,Clare Valley,10851(A)VC TAKE VEH W/O OWNER
12/08/2018,Adelaide,243(E)1 BATTERY NONCOHAB SPOUS
15/10/2018,Eyre Peninsula,594(B)(2)(A) VANDALISM/ -$400
22/04/2018,Fleurieu Peninsula,JUVENILE PROBLEMS - I RPT
27/10/2018,Clare Valley,11532(A)HS LOITER DRG ACTIVITY
26/08/2018,Clare Valley,11350(A)HS POSS CNTRL SUBST
19/09/2018,Barossa,5150 WI DANGER SELF/OTHERS
07/11/2018,Kangaroo Island,TOWED/STORED VEHICLE
12/09/2018,Eyre Peninsula,TOWED/STORED VEH-14602.6
09/08/2018,Barossa,484 PETTY THEFT-SHOPLIFT
30/11/2018,Kangaroo Island,1203.2 PC VIOLATION OF PROBATI
12/01/2018,Kangaroo Island,5150 WI DANGER SELF/OTHERS
29/09/2018,Clare Valley,SAFEKEEPING - I RPT
19/02/2018,Adelaide,MISSING PERSON LOCATE O/S ASSI
02/04/2018,Eyre Peninsula,TOWED/STORED VEH-14602.6
24/07/2018,Fleurieu Peninsula,10851(A)VC TAKE VEH W/O OWNER
17/02/2018,Fleurieu Peninsula,10851(A)VC TAKE VEH W/O OWNER
31/10/2018,Kangaroo Island,245(A)(1)AWDW/NO FIREARM/CIVIL
24/07/2018,Clare Valley,MISSING PERSON I RPT
21/07/2018,Kangaroo Island,459 PC  BURGLARY-UNSPECIFIED
12/02/2018,Fleurieu Peninsula,TOWED/STORED VEHICLE
30/12/2018,Eyre Peninsula,211 PC  ROBBERY UNSPECIFIED
06/01/2018,Fleurieu Peninsula,594(B)(2)(A) VANDALISM/ -$400
03/11/2018,Kangaroo Island,594(B)(2)(A) VANDALISM/ -$400
12/09/2018,Eyre Peninsula,496(A) RECEIVE STOLEN PROPERTY
19/07/2018,Barossa,10851 VC AUTO THEFT LOCATE
28/10/2018,Fleurieu Peninsula,TOWED/STORED VEHICLE
10/04/2018,Fleurieu Peninsula,647(B) PC   PROSTITUTION
26/01/2018,Barossa,5150 WI DANGER SELF/OTHERS
17/06/2018,Fleurieu Peninsula,VANDALISM - I RPT
26/04/2018,Adelaide,459 PC  BURGLARY BUSINESS
08/05/2018,Clare Valley,CASUALTY REPORT
02/06/2018,Kangaroo Island,20002(A) HIT/RUN
13/05/2018,Fleurieu Peninsula,647(F) PC DIP - DISORDERLY
08/11/2018,Clare Valley,459 PC  BURGLARY BUSINESS
16/06/2018,Fleurieu Peninsula,TOWED/STORED VEHICLE
11/04/2018,Kangaroo Island,243(E)1 BATTERY NONCOHAB SPOUS
27/07/2018,Eyre Peninsula,TRAFFIC - I RPT
18/09/2018,Adelaide,TRAFFIC-ACCIDENT-NON INJURY
23/11/2018,Clare Valley,THREATS - I RPT
07/03/2018,Fleurieu Peninsula,487(D)GRAND THEFT FIREARM/ANIM
28/04/2018,Kangaroo Island,TOWED/STORED VEH-14602.6
22/03/2018,Barossa,245(A)(2) AWDW/FIREARM/CIVILIA
04/05/2018,Barossa,TRAFFIC-ACCIDENT-NON INJURY
05/11/2018,Fleurieu Peninsula,647(B) PC   PROSTITUTION
04/02/2018,Kangaroo Island,ASSAULT
10/01/2018,Eyre Peninsula,10851(A)VC TAKE VEH W/O OWNER
17/08/2018,Adelaide,11377(A)HS POSS AMPHETAMINES
24/03/2018,Fleurieu Peninsula,11350(A)HS POSS CNTRL SUBST
08/08/2018,Clare Valley,25661 BP FALSE EVIDENCE OF AGE
10/06/2018,Fleurieu Peninsula,245(A)(1)AWDW/NO FIREARM/CIVIL
16/10/2018,Clare Valley,MISSING PERSON
16/12/2018,Fleurieu Peninsula,20002(A) HIT/RUN
22/07/2018,Fleurieu Peninsula,11364 HS POSS DRUG PARAPH
25/04/2018,Fleurieu Peninsula,TOWED/STORED VEHICLE
10/02/2018,Kangaroo Island,594(B)(2)(A) VANDALISM/ -$400
30/07/2018,Barossa,166(A)(4) WILFUL DISOBEY CT OR
24/03/2018,Eyre Peninsula,594(B)(2)(A) VANDALISM/ -$400
13/05/2018,Eyre Peninsula,459 PC  BURGLARY VEHICLE
12/07/2018,Kangaroo Island,487(A) PC GRAND THEFT
06/10/2018,Barossa,FRAUD OR BUNCO - I RPT
04/05/2018,Clare Valley,594(B)(2)(A) VANDALISM/ -$400
14/11/2018,Barossa,10851(A)VC TAKE VEH W/O OWNER
13/01/2018,Adelaide,459 PC  BURGLARY VEHICLE
15/04/2018,Clare Valley,459 PC  BURGLARY-UNSPECIFIED
23/12/2018,Kangaroo Island,TOWED/STORED VEHICLE
28/05/2018,Clare Valley,5150 WI DANGER SELF/OTHERS
19/11/2018,Kangaroo Island,12020(A)1) PROHIBITED FIREARM
28/11/2018,Kangaroo Island,653M(B) PC ANNOY/RPT CALL HOME
02/03/2018,Clare Valley,20002(A) HIT/RUN
08/10/2018,Eyre Peninsula,10851(A)VC TAKE VEH W/O OWNER
30/06/2018,Adelaide,484 PC PETTY THEFT
27/09/2018,Adelaide,459 PC  BURGLARY VEHICLE
08/12/2018,Barossa,FOUND PROPERTY - I RPT
06/11/2018,Clare Valley,9.40.020(A) JUVENILE CURFEW ASSAULT
18/12/2018,Fleurieu Peninsula,4140 BP  POSS OF HYPO NEEDLE
14/07/2018,Clare Valley,23152(A) VC DUI-ALCOHOL/DRUGS
29/11/2018,Fleurieu Peninsula,CASUALTY REPORT
22/07/2018,Barossa,11377(A)HS POSS CNTRL SUBST
15/06/2018,Kangaroo Island,ASSAULT
05/02/2018,Kangaroo Island,10851(A)VC TAKE VEH W/O OWNER
17/05/2018,Barossa,245(A)(1)AWDW/NO FIREARM/CIVIL
24/06/2018,Fleurieu Peninsula,10851(A)VC TAKE VEH W/O OWNER
25/06/2018,Barossa,459 PC  BURGLARY VEHICLE
29/12/2018,Barossa,484G(B) PC ACCESS CARD FRAUD
03/07/2018,Barossa,HARASSMENT - I RPT
26/07/2018,Clare Valley,CASUALTY REPORT
05/01/2018,Clare Valley,594(B)(1)PC  VANDALISM +$400
28/10/2018,Kangaroo Island,594(B)(1)PC  VANDALISM +$400
22/10/2018,Barossa,10851 VC AUTO THEFT LOCATE
02/05/2018,Clare Valley,TRAFFIC-ACCIDENT INJURY
09/05/2018,Adelaide,4140 BP  POSS OF HYPO NEEDLE
05/11/2018,Clare Valley,BURGLARY - I RPT
05/12/2018,Kangaroo Island,TRAFFIC-ACCIDENT INJURY
12/01/2018,Adelaide,1551(A) FUGITIVE FROM JUSTICE
18/02/2018,Kangaroo Island,ASSAULT
14/08/2018,Barossa,MISSING PERSON
17/08/2018,Adelaide,10851(A)VC TAKE VEH W/O OWNER
02/05/2018,Kangaroo Island,TOWED/STORED VEH-14602.6
16/02/2018,Kangaroo Island,CASUALTY REPORT
09/08/2018,Kangaroo Island,TOWED/STORED VEH-14602.6
11/02/2018,Clare Valley,O/S AGENCY -ASSISTANCE- I RPT
29/04/2018,Barossa,LOST PROPERTY - I RPT
